morsi morsi22 morsi@gmail.com
ali ali22 ali@gmail.com
ahmed ahmed22 ahmed@gmail.com
hossam hossam22 hossam@gmail.com
abdo abdo22 abdo@gmail.com
abdoo abdoo22 abdoo@gmail.com
amer amer22 amer@gmail.com
ramy ramy22 ramy@gmail.com
